<application>
  <component name="GitRememberedInputs">
    <option name="visitedUrls">
      <list>
        <UrlAndUserName>
          <option name="url" value="git@github.com:Darrenzzy/pro1.git" />
          <option name="userName" value="" />
        </UrlAndUserName>
        <UrlAndUserName>
          <option name="url" value="https://github.com/Darrenzzy/pro1.git" />
          <option name="userName" value="" />
        </UrlAndUserName>
      </list>
    </option>
    <option name="cloneParentDir" value="/Applications/MAMP/htdocs" />
  </component>
  <component name="Vcs.Log.App.Settings">
    <option name="MIGRATED" value="true" />
  </component>
</application>