<keymap version="1" name="IntelliJ IDEA Classic (OS X) copy" parent="Mac OS X">
  <action id="$LRU">
    <keyboard-shortcut first-keystroke="shift alt o" />
  </action>
  <action id="ActivateDatabaseToolWindow">
    <keyboard-shortcut first-keystroke="meta 5" />
  </action>
  <action id="ActivateFindToolWindow" />
  <action id="ActivateRemoteHostToolWindow">
    <keyboard-shortcut first-keystroke="meta 4" />
  </action>
  <action id="ActivateTerminalToolWindow">
    <keyboard-shortcut first-keystroke="meta 8" />
  </action>
  <action id="CloseAllEditors">
    <keyboard-shortcut first-keystroke="meta alt w" />
  </action>
  <action id="CloseContent">
    <keyboard-shortcut first-keystroke="meta f4" />
    <keyboard-shortcut first-keystroke="meta w" />
  </action>
  <action id="CloseProject">
    <keyboard-shortcut first-keystroke="shift ctrl c" />
  </action>
  <action id="CommentByBlockComment">
    <keyboard-shortcut first-keystroke="shift meta slash" />
  </action>
  <action id="CopyAsRichText">
    <keyboard-shortcut first-keystroke="shift alt h" />
  </action>
  <action id="Editor Delete">
    <keyboard-shortcut first-keystroke="meta back_space" />
  </action>
  <action id="Editor LRU">
    <keyboard-shortcut first-keystroke="shift alt o" />
  </action>
  <action id="EditorDecreaseFontSize">
    <keyboard-shortcut first-keystroke="ctrl minus" />
  </action>
  <action id="EditorDeleteLine">
    <keyboard-shortcut first-keystroke="meta y" />
    <keyboard-shortcut first-keystroke="meta back_space" />
  </action>
  <action id="EditorIncreaseFontSize">
    <keyboard-shortcut first-keystroke="ctrl equals" />
  </action>
  <action id="EditorResetFontSize">
    <keyboard-shortcut first-keystroke="ctrl 0" />
  </action>
  <action id="EditorSelectWord" />
  <action id="FileChooser.GotoModule" />
  <action id="FindInPath">
    <keyboard-shortcut first-keystroke="shift ctrl f" />
    <keyboard-shortcut first-keystroke="shift meta f" />
  </action>
  <action id="GotoBookmark0" />
  <action id="GotoLine">
    <keyboard-shortcut first-keystroke="meta h" />
    <keyboard-shortcut first-keystroke="meta l" />
  </action>
  <action id="MarkSourceRoot">
    <keyboard-shortcut first-keystroke="ctrl alt i" />
  </action>
  <action id="OpenDirectoryProject">
    <keyboard-shortcut first-keystroke="shift meta o" />
  </action>
  <action id="OpenFile">
    <keyboard-shortcut first-keystroke="shift meta o" />
  </action>
  <action id="ReplaceInPath">
    <keyboard-shortcut first-keystroke="shift ctrl r" />
    <keyboard-shortcut first-keystroke="shift meta r" />
  </action>
  <action id="RevealIn">
    <keyboard-shortcut first-keystroke="ctrl f10" />
  </action>
  <action id="SelectNextOccurrence">
    <keyboard-shortcut first-keystroke="ctrl g" />
    <keyboard-shortcut first-keystroke="meta g" />
  </action>
  <action id="ShowReformatFileDialog">
    <keyboard-shortcut first-keystroke="shift meta alt l" />
    <keyboard-shortcut first-keystroke="shift meta l" />
    <keyboard-shortcut first-keystroke="ctrl meta l" />
  </action>
  <action id="Vcs.Log.FocusTextFilter" />
  <action id="WD.UploadCurrentRemoteFileAction">
    <keyboard-shortcut first-keystroke="shift alt s" />
  </action>
  <action id="WebDeployment.BrowseServers">
    <keyboard-shortcut first-keystroke="meta 3" />
  </action>
  <action id="WebDeployment.ToggleAutoUpload">
    <keyboard-shortcut first-keystroke="ctrl meta alt u" />
    <keyboard-shortcut first-keystroke="ctrl alt l" />
  </action>
  <action id="context.save" />
</keymap>