<application>
  <component name="GeneralSettings">
    <option name="confirmExit" value="false" />
    <option name="processCloseConfirmation" value="DISCONNECT" />
    <option name="searchInBackground" value="true" />
    <option name="showTipsOnStartup" value="false" />
  </component>
  <component name="Registry">
    <entry key="dumb.aware.run.configurations" value="true" />
    <entry key="search.everywhere.settings" value="true" />
    <entry key="debugger.watches.in.variables" value="false" />
    <entry key="suggest.all.run.configurations.from.context" value="true" />
  </component>
</application>